<?xml version="1.0" encoding="UTF-8"?>
<project-private xmlns="http://www.netbeans.org/ns/project-private/1">
    <editor-bookmarks xmlns="http://www.netbeans.org/ns/editor-bookmarks/2" lastBookmarkId="0"/>
    <open-files xmlns="http://www.netbeans.org/ns/projectui-open-files/2">
        <group>
            <file>file:/Users/jonathanlangens/Documents/Education/Distri/JAVAEE3-CarRental/assignment2/CarRental-lib/src/rental/Quote.java</file>
            <file>file:/Users/jonathanlangens/Documents/Education/Distri/JAVAEE3-CarRental/assignment2/CarRental-lib/src/rental/CarType.java</file>
            <file>file:/Users/jonathanlangens/Documents/Education/Distri/JAVAEE3-CarRental/assignment2/CarRental-lib/src/rental/Reservation.java</file>
        </group>
    </open-files>
</project-private>
