<?xml version="1.0" encoding="UTF-8"?>
<project-private xmlns="http://www.netbeans.org/ns/project-private/1">
    <editor-bookmarks xmlns="http://www.netbeans.org/ns/editor-bookmarks/2" lastBookmarkId="0"/>
    <open-files xmlns="http://www.netbeans.org/ns/projectui-open-files/2">
        <group>
            <file>file:/home/jeuna/Documents/Education/master%20in%20de%20informatica/Distributed%20Systems/exercise/Distri/JAVA%20EE%202%20-%20Car%20Rental/assignment1/CarRental-client/src/java/client/AbstractScriptedSimpleTripTest.java</file>
            <file>file:/home/jeuna/Documents/Education/master%20in%20de%20informatica/Distributed%20Systems/exercise/Distri/JAVA%20EE%202%20-%20Car%20Rental/assignment1/CarRental-client/src/java/client/Main.java</file>
            <file>file:/home/jeuna/Documents/Education/master%20in%20de%20informatica/Distributed%20Systems/exercise/Distri/JAVA%20EE%202%20-%20Car%20Rental/assignment1/CarRental-client/src/java/simpleTrips</file>
        </group>
    </open-files>
</project-private>
